Scenario,death_elig,death_inelig,C1_death_elig,C1_death_inelig,C1_total_death,B_over_D,C_over_E,B_over_F,C_over_F,PAF_B,PAF_C,PAF_C1,infection_elig,infection_inelig,C1_infection_elig,C1_infection_inelig,C1_total_infection,K_over_M,L_over_N
Scenario 1,0.031879641,1.302137203,0.018317678,1.146713646,1.165031324,1.740375619,1.135538247,0.027363763,1.117684285,0.01016626,0.116507942,0.873325798,27.8621,81.7775,15.9545,72.5319,88.4864,1.746347425,1.127469431
Scenario 2,0.09120241,1.389625457,0.048764584,1.11626674,1.165031324,1.87025917,1.244886555,0.078283226,1.19277948,0.028658176,0.184598577,0.786743247,52.1501,75.3244,27.657,60.8294,88.4864,1.885602198,1.23828938
Scenario 3,0.981516755,1.151203395,0.445872055,0.719159269,1.165031324,2.201341716,1.600762785,0.842481,0.988130852,0.251155643,0.202578911,0.546265446,41.5422,110.6024,18.9427,69.5437,88.4864,2.193045342,1.590401431
Scenario 4,2.027537972,0.929935201,0.707979163,0.457052161,1.165031324,2.863838481,2.034636921,1.740329148,0.798206179,0.446177778,0.159894279,0.393927943,143.1769,82.477,47.505,40.9814,88.4864,3.01393327,2.012547156
Scenario 5,1.10253734,1.207428766,0.464189733,0.700841591,1.165031324,2.375186826,1.722826929,0.946358537,1.036391675,0.27634501,0.219305025,0.504349965,85.191,91.8169,34.8972,53.5892,88.4864,2.441198721,1.713347092
Scenario 6,4.417913251,0,1.165031324,0,1.165031324,3.792098255,NaN,3.792098255,0,0.736293753,0,0.263706247,348.6379,0,88.4864,0,88.4864,3.940016771,NaN
