Scenario,Death elig HH under strategy,Death inelig HH under strategy,Death elig HH  C1,Death inelig HH C1,Death in population C1,B over D,C over E,B over F,C over F,PAF B,PAF C,PAF C1,Infection elig HH under strategy,Infection inelig HH under strategy,Infection elig HH C1,Infection inelig HH C1,Infection In population C1,K/M,L/N
Scenario 1,0.073477773,3.184728036,0.02795307,2.174259465,2.202212535,2.62861192,1.464741484,0.033365432,1.446149264,0.013972323,0.310130369,0.675897308,56.86,195.26,25.77,127.84,153.61,2.206441599,1.527377973
Scenario 2,0.22622523,4.18126566,0.070293575,2.13191896,2.202212535,3.218291714,1.961268575,0.102726338,1.898665816,0.035378781,0.464969016,0.499652203,127.58,222.36,44.3,109.31,153.61,2.879909707,2.034214619
Scenario 3,1.600432322,1.689284963,0.96339684,1.238815695,2.202212535,1.661238916,1.363628964,0.726738358,0.767085345,0.193644446,0.136932517,0.669423037,64.41,166.21,37.16,116.45,153.61,1.733315393,1.427307857
Scenario 4,5.476487328,2.768566164,1.350055164,0.852157371,2.202212535,4.056491523,3.248890708,2.486811441,1.257174828,0.500473668,0.232431335,0.267094997,397.67,242.56,81.24,72.37,153.61,4.895002462,3.351665055
Scenario 5,2.43295985,2.334248191,0.99134991,1.210862625,2.202212535,2.454188804,1.927756413,1.104779766,1.05995591,0.302401307,0.23564853,0.461950164,162.84,181.39,62.93,90.68,153.61,2.587637057,2.000330834
Scenario 6,17.07361696,0,2.202212535,0,2.202212535,7.752937869,NA,7.752937869,0,0.871016637,0,0.128983363,1344.78,0,153.61,0,153.61,8.75450817,NA
